{
  "colsample_bylevel": 0.9857765676964931,
  "colsample_bytree": 0.8354721500632041,
  "learning_rate": 0.00017341247294750032,
  "max_depth": 15,
  "n_estimators": 7269,
  "reg_alpha": 0.012228826395520823,
  "reg_lambda": 0.1674606503949107,
  "subsample": 0.6421250425009009
}