{
  "colsample_bylevel": 0.6558631402523762,
  "colsample_bytree": 0.8394573420802793,
  "learning_rate": 0.33559478639859225,
  "max_depth": 5,
  "n_estimators": 8192,
  "reg_alpha": 0.8253315696334959,
  "reg_lambda": 19.662243304538805,
  "subsample": 0.9054171670195823
}