{
  "colsample_bylevel": 0.6094671526324091,
  "colsample_bytree": 0.9555155389896506,
  "learning_rate": 0.5666138380215521,
  "max_depth": 15,
  "n_estimators": 3181,
  "reg_alpha": 0.04908478779227162,
  "reg_lambda": 0.06446479835177199,
  "subsample": 0.9966427972223558
}