{
  "colsample_bylevel": 0.9027120178054613,
  "colsample_bytree": 0.8822884542465372,
  "learning_rate": 0.015448449914487915,
  "max_depth": 15,
  "n_estimators": 9165,
  "reg_alpha": 0.02340170275431364,
  "reg_lambda": 0.3472609559445743,
  "subsample": 0.6924713073859511
}