{
  "colsample_bylevel": 0.8595414759783161,
  "colsample_bytree": 0.5997151321941929,
  "learning_rate": 0.19591730546023117,
  "max_depth": 12,
  "n_estimators": 5393,
  "reg_alpha": 21.015148327947287,
  "reg_lambda": 0.23199462507393573,
  "subsample": 0.6597142557653932
}