{
  "colsample_bylevel": 0.8948998763272014,
  "colsample_bytree": 0.7124532024162551,
  "learning_rate": 0.0025799080584631507,
  "max_depth": 5,
  "n_estimators": 3642,
  "reg_alpha": 0.032936817418660176,
  "reg_lambda": 1.1665751054138993,
  "subsample": 0.666029016527746
}