{
  "colsample_bylevel": 0.8082723921627161,
  "colsample_bytree": 0.746942095935625,
  "learning_rate": 0.00045498394452372107,
  "max_depth": 7,
  "n_estimators": 7170,
  "reg_alpha": 0.40677507275790475,
  "reg_lambda": 8.473373816730705,
  "subsample": 0.6453585837868454
}