{
  "colsample_bylevel": 0.9533644292946377,
  "colsample_bytree": 0.6584493209339166,
  "learning_rate": 0.0007284802796226602,
  "max_depth": 9,
  "n_estimators": 188,
  "reg_alpha": 0.44733856343825723,
  "reg_lambda": 1.477922695440478,
  "subsample": 0.969985763280582
}