{
  "colsample_bylevel": 0.6844145570330913,
  "colsample_bytree": 0.8618193788441395,
  "learning_rate": 0.4512212895501157,
  "max_depth": 2,
  "n_estimators": 3441,
  "reg_alpha": 1.5868100726669323,
  "reg_lambda": 0.011768889083621167,
  "subsample": 0.9990810037762698
}