{
  "colsample_bylevel": 0.7407505171582573,
  "colsample_bytree": 0.9964889241663464,
  "learning_rate": 0.00387390886832698,
  "max_depth": 5,
  "n_estimators": 4795,
  "reg_alpha": 29.049787159596548,
  "reg_lambda": 1.108255883250231,
  "subsample": 0.5369108509851719
}