{
  "colsample_bylevel": 0.8130776068853132,
  "colsample_bytree": 0.5617268197722611,
  "learning_rate": 0.012709587114087675,
  "max_depth": 1,
  "n_estimators": 2389,
  "reg_alpha": 1.3382044710612941,
  "reg_lambda": 0.006602514345041659,
  "subsample": 0.6493759885380217
}