{
  "colsample_bylevel": 0.979621849323453,
  "colsample_bytree": 0.8595347958201262,
  "learning_rate": 0.004964809234049963,
  "max_depth": 10,
  "n_estimators": 6742,
  "reg_alpha": 0.6766630370620083,
  "reg_lambda": 0.8611433557840324,
  "subsample": 0.8263281233668444
}