{
  "colsample_bylevel": 0.5311378209780977,
  "colsample_bytree": 0.9095092617033051,
  "learning_rate": 0.0003941327887082465,
  "max_depth": 6,
  "n_estimators": 2305,
  "reg_alpha": 19.657680380724916,
  "reg_lambda": 5.731479999852368,
  "subsample": 0.7120866857939887
}