{
  "colsample_bylevel": 0.717579682145109,
  "colsample_bytree": 0.7672456342810999,
  "learning_rate": 0.21124996877997862,
  "max_depth": 13,
  "n_estimators": 5199,
  "reg_alpha": 0.006154453090176971,
  "reg_lambda": 0.4739116036307261,
  "subsample": 0.5588159136327653
}